{
  "commit": "4e24d23f02d5e5a008c8d15d44f2af330cd1dde6",
  "results": {
    "cli": {
      "count": 30,
      "mean": 3818.4310096899667,
      "stdDev": 33.1745561578675
    }
  }
}