{
  "commit": "8c8d90ff07fcdfe1ff0d09178f6c55f71892607c",
  "results": {
    "cli": {
      "count": 30,
      "mean": 3571.2631708780923,
      "stdDev": 59.35517199289441
    }
  }
}