{
  "commit": "7b1e178b36be16308cc53be1ad9b381e6b1dde97",
  "results": {
    "cli": {
      "count": 30,
      "mean": 5359.464243070284,
      "stdDev": 72.57007363465937
    }
  }
}
